{"number of goal 0": 79.0, "_timestamp": 1658850250, "_runtime": 2501, "number of achieved goal 0": 75.0, "success rate of goal 0": 0.9493670886075949, "number of goal 1": 79.0, "number of achieved goal 1": 78.0, "success rate of goal 1": 0.9873417721518988, "number of goal 2": 83.0, "number of achieved goal 2": 81.0, "success rate of goal 2": 0.9759036144578314, "number of goal 3": 84.0, "number of achieved goal 3": 82.0, "success rate of goal 3": 0.9761904761904762, "number of goal 4": 87.0, "number of achieved goal 4": 85.0, "success rate of goal 4": 0.9770114942528736, "number of goal 5": 88.0, "number of achieved goal 5": 86.0, "success rate of goal 5": 0.9772727272727273, "mean training return": 0.8522727489471436, "mean evaluate return": 0.96, "_step": 10000, "_wandb": {"runtime": 2516}}