{"number of goal 0": 81.0, "_timestamp": 1658853894, "_runtime": 1043, "number of achieved goal 0": 78.0, "success rate of goal 0": 0.9629629629629629, "number of goal 1": 83.0, "number of achieved goal 1": 81.0, "success rate of goal 1": 0.9759036144578314, "number of goal 2": 82.0, "number of achieved goal 2": 81.0, "success rate of goal 2": 0.9878048780487805, "number of goal 3": 84.0, "number of achieved goal 3": 83.0, "success rate of goal 3": 0.9880952380952381, "number of goal 4": 84.0, "number of achieved goal 4": 84.0, "success rate of goal 4": 1.0, "number of goal 5": 86.0, "number of achieved goal 5": 85.0, "success rate of goal 5": 0.9883720930232558, "mean training return": 0.9069767594337463, "mean evaluate return": 1.0, "_step": 3500}