{"number of goal 0": 81.0, "_timestamp": 1658716787, "_runtime": 770, "number of achieved goal 0": 73.0, "success rate of goal 0": 0.9012345679012346, "number of goal 1": 81.0, "number of achieved goal 1": 81.0, "success rate of goal 1": 1.0, "number of goal 2": 83.0, "number of achieved goal 2": 81.0, "success rate of goal 2": 0.9759036144578314, "number of goal 3": 84.0, "number of achieved goal 3": 83.0, "success rate of goal 3": 0.9880952380952381, "number of goal 4": 85.0, "number of achieved goal 4": 84.0, "success rate of goal 4": 0.9882352941176471, "number of goal 5": 86.0, "number of achieved goal 5": 84.0, "success rate of goal 5": 0.9767441860465116, "mean training return": 0.8390804529190063, "mean evaluate return": 0.79, "_step": 3000, "_wandb": {"runtime": 792}}