{"number of goal 0": 140.0, "_timestamp": 1658473829, "_runtime": 782, "success rate of goal 0": 2.2714285714285714, "number of goal 1": 146.0, "success rate of goal 1": 2.047945205479452, "number of goal 2": 164.0, "success rate of goal 2": 1.6524390243902438, "number of goal 3": 171.0, "success rate of goal 3": 1.2923976608187135, "number of goal 4": 183.0, "success rate of goal 4": 0.9289617486338798, "number of goal 5": 196.0, "success rate of goal 5": 0.37244897959183676, "number of goal 6": 0.0, "success rate of goal 6": Infinity, "mean training return": 0.5948718190193176, "mean evaluate return": 1.0, "_step": 3000, "_wandb": {"runtime": 849}}