{"number of goal 0": 80.0, "_timestamp": 1658816191, "_runtime": 2388, "number of achieved goal 0": 75.0, "success rate of goal 0": 0.9375, "number of goal 1": 81.0, "number of achieved goal 1": 80.0, "success rate of goal 1": 0.9876543209876543, "number of goal 2": 82.0, "number of achieved goal 2": 81.0, "success rate of goal 2": 0.9878048780487805, "number of goal 3": 85.0, "number of achieved goal 3": 83.0, "success rate of goal 3": 0.9764705882352941, "number of goal 4": 86.0, "number of achieved goal 4": 85.0, "success rate of goal 4": 0.9883720930232558, "number of goal 5": 86.0, "number of achieved goal 5": 85.0, "success rate of goal 5": 0.9883720930232558, "mean training return": 0.8705882430076599, "mean evaluate return": 1.0, "_step": 10000, "_wandb": {"runtime": 2401}}