{"number of goal 0": 79.0, "_timestamp": 1658726614, "_runtime": 5841, "number of achieved goal 0": 71.0, "success rate of goal 0": 0.8987341772151899, "number of goal 1": 80.0, "number of achieved goal 1": 77.0, "success rate of goal 1": 0.9625, "number of goal 2": 83.0, "number of achieved goal 2": 81.0, "success rate of goal 2": 0.9759036144578314, "number of goal 3": 84.0, "number of achieved goal 3": 84.0, "success rate of goal 3": 1.0, "number of goal 4": 87.0, "number of achieved goal 4": 85.0, "success rate of goal 4": 0.9770114942528736, "number of goal 5": 87.0, "number of achieved goal 5": 86.0, "success rate of goal 5": 0.9885057471264368, "mean training return": 0.8160919547080994, "mean evaluate return": 0.9, "_step": 24500}