{"number of goal 0": 79.0, "_timestamp": 1658829301, "_runtime": 1520, "number of achieved goal 0": 75.0, "success rate of goal 0": 0.9493670886075949, "number of goal 1": 82.0, "number of achieved goal 1": 79.0, "success rate of goal 1": 0.9634146341463414, "number of goal 2": 82.0, "number of achieved goal 2": 82.0, "success rate of goal 2": 1.0, "number of goal 3": 83.0, "number of achieved goal 3": 82.0, "success rate of goal 3": 0.9879518072289156, "number of goal 4": 86.0, "number of achieved goal 4": 83.0, "success rate of goal 4": 0.9651162790697675, "number of goal 5": 88.0, "number of achieved goal 5": 87.0, "success rate of goal 5": 0.9886363636363636, "mean training return": 0.8620689511299133, "mean evaluate return": 0.99, "_step": 6000}