{"number of goal 0": 92.0, "_timestamp": 1658836811, "_runtime": 2413, "number of achieved goal 0": 86.0, "success rate of goal 0": 0.9347826086956522, "number of goal 1": 80.0, "number of achieved goal 1": 79.0, "success rate of goal 1": 0.9875, "number of goal 2": 82.0, "number of achieved goal 2": 82.0, "success rate of goal 2": 1.0, "number of goal 3": 81.0, "number of achieved goal 3": 80.0, "success rate of goal 3": 0.9876543209876543, "number of goal 4": 82.0, "number of achieved goal 4": 81.0, "success rate of goal 4": 0.9878048780487805, "number of goal 5": 83.0, "number of achieved goal 5": 82.0, "success rate of goal 5": 0.9879518072289156, "mean training return": 0.8414633870124817, "mean evaluate return": 0.72, "_step": 10000, "_wandb": {"runtime": 2428}}