{"number of goal 0": 81.0, "_timestamp": 1658478602, "_runtime": 4110, "number of achieved goal 0": 78.0, "success rate of goal 0": 0.9629629629629629, "number of goal 1": 80.0, "number of achieved goal 1": 77.0, "success rate of goal 1": 0.9625, "number of goal 2": 82.0, "number of achieved goal 2": 81.0, "success rate of goal 2": 0.9878048780487805, "number of goal 3": 84.0, "number of achieved goal 3": 82.0, "success rate of goal 3": 0.9761904761904762, "number of goal 4": 86.0, "number of achieved goal 4": 84.0, "success rate of goal 4": 0.9767441860465116, "number of goal 5": 87.0, "number of achieved goal 5": 86.0, "success rate of goal 5": 0.9885057471264368, "mean training return": 0.8488371968269348, "mean evaluate return": 1.0, "_step": 17000, "_wandb": {"runtime": 4131}}