{"number of goal 0": 78.0, "_timestamp": 1658818999, "_runtime": 2368, "number of achieved goal 0": 75.0, "success rate of goal 0": 0.9615384615384616, "number of goal 1": 81.0, "number of achieved goal 1": 78.0, "success rate of goal 1": 0.9629629629629629, "number of goal 2": 82.0, "number of achieved goal 2": 81.0, "success rate of goal 2": 0.9878048780487805, "number of goal 3": 86.0, "number of achieved goal 3": 84.0, "success rate of goal 3": 0.9767441860465116, "number of goal 4": 86.0, "number of achieved goal 4": 84.0, "success rate of goal 4": 0.9767441860465116, "number of goal 5": 87.0, "number of achieved goal 5": 86.0, "success rate of goal 5": 0.9885057471264368, "mean training return": 0.8620689511299133, "mean evaluate return": 0.96, "_step": 10000, "_wandb": {"runtime": 2381}}