{"number of goal 0": 75.0, "_timestamp": 1658832031, "_runtime": 841, "number of achieved goal 0": 71.0, "success rate of goal 0": 0.9466666666666667, "number of goal 1": 78.0, "number of achieved goal 1": 75.0, "success rate of goal 1": 0.9615384615384616, "number of goal 2": 80.0, "number of achieved goal 2": 78.0, "success rate of goal 2": 0.975, "number of goal 3": 85.0, "number of achieved goal 3": 80.0, "success rate of goal 3": 0.9411764705882353, "number of goal 4": 88.0, "number of achieved goal 4": 86.0, "success rate of goal 4": 0.9772727272727273, "number of goal 5": 94.0, "number of achieved goal 5": 88.0, "success rate of goal 5": 0.9361702127659575, "mean training return": 0.7634408473968506, "mean evaluate return": 0.94, "_step": 3000}