{"number of goal 0": 79.0, "_timestamp": 1658907708, "_runtime": 2440, "number of achieved goal 0": 65.0, "success rate of goal 0": 0.8227848101265823, "number of goal 1": 82.0, "number of achieved goal 1": 82.0, "success rate of goal 1": 1.0, "number of goal 2": 83.0, "number of achieved goal 2": 82.0, "success rate of goal 2": 0.9879518072289156, "number of goal 3": 86.0, "number of achieved goal 3": 84.0, "success rate of goal 3": 0.9767441860465116, "number of goal 4": 85.0, "number of achieved goal 4": 85.0, "success rate of goal 4": 1.0, "number of goal 5": 85.0, "number of achieved goal 5": 84.0, "success rate of goal 5": 0.9882352941176471, "mean training return": 0.7831325531005859, "mean evaluate return": 0.92, "_step": 10000, "_wandb": {"runtime": 2458}}