{"number of goal 0": 81.0, "_timestamp": 1658480653, "_runtime": 2013, "number of achieved goal 0": 79.0, "success rate of goal 0": 0.9753086419753086, "number of goal 1": 83.0, "number of achieved goal 1": 82.0, "success rate of goal 1": 0.9879518072289156, "number of goal 2": 83.0, "number of achieved goal 2": 81.0, "success rate of goal 2": 0.9759036144578314, "number of goal 3": 83.0, "number of achieved goal 3": 83.0, "success rate of goal 3": 1.0, "number of goal 4": 85.0, "number of achieved goal 4": 83.0, "success rate of goal 4": 0.9764705882352941, "number of goal 5": 85.0, "number of achieved goal 5": 85.0, "success rate of goal 5": 1.0, "mean training return": 0.9186046719551086, "mean evaluate return": 0.91, "_step": 7500}