{"number of goal 0": 63.0, "_timestamp": 1658900059, "_runtime": 1015, "number of achieved goal 0": 62.0, "success rate of goal 0": 0.9841269841269841, "number of goal 1": 70.0, "number of achieved goal 1": 64.0, "success rate of goal 1": 0.9142857142857143, "number of goal 2": 71.0, "number of achieved goal 2": 70.0, "success rate of goal 2": 0.9859154929577465, "number of goal 3": 96.0, "number of achieved goal 3": 69.0, "success rate of goal 3": 0.71875, "number of goal 4": 99.0, "number of achieved goal 4": 95.0, "success rate of goal 4": 0.9595959595959596, "number of goal 5": 101.0, "number of achieved goal 5": 100.0, "success rate of goal 5": 0.9900990099009901, "mean training return": 0.6078431606292725, "mean evaluate return": 0.94, "_step": 3500}