{"number of goal 0": 80.0, "_timestamp": 1658765849, "_runtime": 2500, "number of achieved goal 0": 80.0, "success rate of goal 0": 1.0, "number of goal 1": 82.0, "number of achieved goal 1": 81.0, "success rate of goal 1": 0.9878048780487805, "number of goal 2": 83.0, "number of achieved goal 2": 81.0, "success rate of goal 2": 0.9759036144578314, "number of goal 3": 84.0, "number of achieved goal 3": 83.0, "success rate of goal 3": 0.9880952380952381, "number of goal 4": 84.0, "number of achieved goal 4": 83.0, "success rate of goal 4": 0.9880952380952381, "number of goal 5": 87.0, "number of achieved goal 5": 85.0, "success rate of goal 5": 0.9770114942528736, "mean training return": 0.9195402264595032, "mean evaluate return": 0.99, "_step": 10000, "_wandb": {"runtime": 2513}}