{"number of goal 0": 82.0, "_timestamp": 1658820901, "_runtime": 949, "number of achieved goal 0": 79.0, "success rate of goal 0": 0.9634146341463414, "number of goal 1": 81.0, "number of achieved goal 1": 80.0, "success rate of goal 1": 0.9876543209876543, "number of goal 2": 82.0, "number of achieved goal 2": 80.0, "success rate of goal 2": 0.975609756097561, "number of goal 3": 84.0, "number of achieved goal 3": 83.0, "success rate of goal 3": 0.9880952380952381, "number of goal 4": 86.0, "number of achieved goal 4": 85.0, "success rate of goal 4": 0.9883720930232558, "number of goal 5": 85.0, "number of achieved goal 5": 85.0, "success rate of goal 5": 1.0, "mean training return": 0.9069767594337463, "mean evaluate return": 0.99, "_step": 3500}