{"number of goal 0": 74.0, "_timestamp": 1658488541, "_runtime": 3831, "number of achieved goal 0": 67.0, "success rate of goal 0": 0.9054054054054054, "number of goal 1": 70.0, "number of achieved goal 1": 70.0, "success rate of goal 1": 1.0, "number of goal 2": 82.0, "number of achieved goal 2": 71.0, "success rate of goal 2": 0.8658536585365854, "number of goal 3": 85.0, "number of achieved goal 3": 82.0, "success rate of goal 3": 0.9647058823529412, "number of goal 4": 94.0, "number of achieved goal 4": 85.0, "success rate of goal 4": 0.9042553191489362, "number of goal 5": 95.0, "number of achieved goal 5": 94.0, "success rate of goal 5": 0.9894736842105263, "mean training return": 0.6595744490623474, "mean evaluate return": 1.0, "_step": 16000, "_wandb": {"runtime": 3872}}