{"number of goal 0": 81.0, "_timestamp": 1658827675, "_runtime": 2429, "number of achieved goal 0": 80.0, "success rate of goal 0": 0.9876543209876543, "number of goal 1": 80.0, "number of achieved goal 1": 80.0, "success rate of goal 1": 1.0, "number of goal 2": 83.0, "number of achieved goal 2": 81.0, "success rate of goal 2": 0.9759036144578314, "number of goal 3": 84.0, "number of achieved goal 3": 83.0, "success rate of goal 3": 0.9880952380952381, "number of goal 4": 86.0, "number of achieved goal 4": 84.0, "success rate of goal 4": 0.9767441860465116, "number of goal 5": 86.0, "number of achieved goal 5": 85.0, "success rate of goal 5": 0.9883720930232558, "mean training return": 0.9186046719551086, "mean evaluate return": 0.99, "_step": 10000, "_wandb": {"runtime": 2445}}