{"number of goal 0": 72.0, "_timestamp": 1658671997, "_runtime": 777, "number of achieved goal 0": 70.0, "success rate of goal 0": 0.9722222222222222, "number of goal 1": 75.0, "number of achieved goal 1": 73.0, "success rate of goal 1": 0.9733333333333334, "number of goal 2": 82.0, "number of achieved goal 2": 75.0, "success rate of goal 2": 0.9146341463414634, "number of goal 3": 89.0, "number of achieved goal 3": 84.0, "success rate of goal 3": 0.9438202247191011, "number of goal 4": 91.0, "number of achieved goal 4": 89.0, "success rate of goal 4": 0.978021978021978, "number of goal 5": 91.0, "number of achieved goal 5": 89.0, "success rate of goal 5": 0.978021978021978, "mean training return": 0.7777777910232544, "mean evaluate return": 0.91, "_step": 2500}