{"number of goal 0": 88.0, "_timestamp": 1658667854, "_runtime": 10178, "number of achieved goal 0": 83.0, "success rate of goal 0": 0.9431818181818182, "number of goal 1": 77.0, "number of achieved goal 1": 76.0, "success rate of goal 1": 0.987012987012987, "number of goal 2": 82.0, "number of achieved goal 2": 79.0, "success rate of goal 2": 0.9634146341463414, "number of goal 3": 82.0, "number of achieved goal 3": 82.0, "success rate of goal 3": 1.0, "number of goal 4": 85.0, "number of achieved goal 4": 81.0, "success rate of goal 4": 0.9529411764705882, "number of goal 5": 86.0, "number of achieved goal 5": 85.0, "success rate of goal 5": 0.9883720930232558, "mean training return": 0.8117647171020508, "mean evaluate return": 0.96, "_step": 44500, "_wandb": {"runtime": 10196}}